{"working_dir":null,"default_chunk_options":{"echo":true},"chunk_definitions":[{"row":9,"row_count":1,"visible":true,"expansion_state":0,"options":{"engine":"r","label":"setup","include":false,"dev":"png"},"document_id":"A9F8869F","chunk_id":"csetup_chunk","chunk_label":"setup"},{"row":13,"row_count":1,"visible":true,"expansion_state":0,"options":{},"document_id":"A9F8869F","chunk_id":"cu3y3pxraegzk","chunk_label":"unnamed-chunk-1"},{"row":17,"row_count":1,"visible":true,"expansion_state":0,"options":{},"document_id":"A9F8869F","chunk_id":"csvt0ztmf1xv9","chunk_label":"unnamed-chunk-2"},{"row":26,"row_count":1,"visible":true,"expansion_state":0,"options":{},"document_id":"A9F8869F","chunk_id":"cxo7wbzn1thl3","chunk_label":"unnamed-chunk-3"},{"row":31,"row_count":1,"visible":true,"expansion_state":0,"options":{},"document_id":"A9F8869F","chunk_id":"cgt2ahex8zodg","chunk_label":"unnamed-chunk-4"},{"row":37,"row_count":1,"visible":true,"expansion_state":0,"options":{},"document_id":"A9F8869F","chunk_id":"cm6fhwhy8khyg","chunk_label":"unnamed-chunk-5"},{"row":44,"row_count":1,"visible":true,"expansion_state":0,"options":{},"document_id":"A9F8869F","chunk_id":"c4qj9muhmiqxf","chunk_label":"unnamed-chunk-6"},{"row":48,"row_count":1,"visible":true,"expansion_state":0,"options":{},"document_id":"A9F8869F","chunk_id":"cr97bl05ic082","chunk_label":"unnamed-chunk-7"},{"row":52,"row_count":1,"visible":true,"expansion_state":0,"options":{},"document_id":"A9F8869F","chunk_id":"cmn72kdl974ul","chunk_label":"unnamed-chunk-8"},{"row":56,"row_count":1,"visible":true,"expansion_state":0,"options":{},"document_id":"A9F8869F","chunk_id":"cbmyu1vg2sxqp","chunk_label":"unnamed-chunk-9"},{"row":62,"row_count":1,"visible":true,"expansion_state":0,"options":{},"document_id":"A9F8869F","chunk_id":"c1iib01f1mhyq","chunk_label":"unnamed-chunk-10"},{"row":67,"row_count":1,"visible":true,"expansion_state":0,"options":{},"document_id":"A9F8869F","chunk_id":"cg1hi2qgbsin0","chunk_label":"unnamed-chunk-11"},{"row":73,"row_count":1,"visible":true,"expansion_state":0,"options":{},"document_id":"A9F8869F","chunk_id":"cceuhutk9mt32","chunk_label":"unnamed-chunk-12"},{"row":78,"row_count":1,"visible":true,"expansion_state":0,"options":{},"document_id":"A9F8869F","chunk_id":"cab3cm1egmx74","chunk_label":"unnamed-chunk-13"},{"row":83,"row_count":1,"visible":true,"expansion_state":0,"options":{},"document_id":"A9F8869F","chunk_id":"c48wumsm05f5p","chunk_label":"unnamed-chunk-14"},{"row":89,"row_count":1,"visible":true,"expansion_state":0,"options":{},"document_id":"A9F8869F","chunk_id":"cg8vl61estia9","chunk_label":"unnamed-chunk-15"},{"row":95,"row_count":1,"visible":true,"expansion_state":0,"options":{},"document_id":"A9F8869F","chunk_id":"cwq6od46iqtcm","chunk_label":"unnamed-chunk-16"}],"doc_write_time":1713531225,"chunk_rendered_width":700}